,ID_hecho,N_VICTIMAS,FECHA,HH,CRUCE,COMUNA,LONGITUD,LATITUD,ID_VICTIMA,ID_ACUSADO
0,2016-0001,1,2016-01-01,4,"FERNANDEZ DE LA CRUZ, F., GRAL. AV.",8,-58.47533969,-34.68757022,1,1
1,2016-0002,1,2016-01-02,1,DE LOS CORRALES AV.,9,-58.50877521,-34.66977709,3,2
2,2016-0003,1,2016-01-03,7,ENTRE RIOS AV. 2034,1,-58.39040293,-34.63189362,1,1
3,2016-0004,1,2016-01-10,0,"VILLEGAS, CONRADO, GRAL.",8,-58.46503904,-34.68092974,1,0
4,2016-0005,1,2016-01-21,5,"SAENZ PEÃ‘A, LUIS, PRES.",1,-58.38718297,-34.6224663,1,2
5,2016-0008,1,2016-01-24,18,ESCALADA AV.,8,-58.44451316,-34.68475866,1,4
6,2016-0009,1,2016-01-24,19,"GONZALEZ, JOAQUIN V.",11,-58.50095869,-34.6082544,1,1
7,2016-0010,1,2016-01-29,15,DE LOS CORRALES AV.,9,-58.50877521,-34.66977709,1,1
8,2016-0012,1,2016-02-08,1,"BELGRANO AV. e IRIGOYEN, BERNARDO DE",1,-58.38048577,-34.61303893,1,3
9,2016-0013,1,2016-02-10,11,ENTRE RIOS AV. 1366,1,-58.39114932,-34.62477387,2,1
10,2016-0015,1,2016-02-14,5,VERA,15,-58.4376002,-34.59912758,2,1
11,2016-0016,1,2016-02-14,22,"QUINQUELA MARTIN, BENITO",4,-58.36882665,-34.64291993,1,1
12,2016-0017,1,2016-02-15,16,"JANER, ANA MARIA",8,-58.44989671,-34.65970435,2,5
13,2016-0019,1,2016-02-17,9,"GARCIA GRANDE DE ZEQUEIRA, SEVERO",9,-58.50990884,-34.65468721,2,2
14,2016-0020,1,2016-02-17,16,SUIPACHA 156,1,-58.37952223,-34.60653282,2,1
15,2016-0021,1,2016-02-17,23,CURAPALIGUE,7,-58.45157703,-34.63063795,3,1
16,2016-0022,1,2016-02-21,6,"ALSINA, ADOLFO",1,-58.38144696,-34.61079875,1,1
17,2016-0025,1,2016-02-28,4,27 DE FEBRERO AV.,8,-58.46244952,-34.70524971,3,1
18,2016-0026,1,2016-02-28,7,VEDIA,12,-58.49216191,-34.54738649,3,4
19,2016-0027,1,2016-02-28,9,"DIAZ, AVELINO",7,-58.44497874,-34.63852623,3,1
20,2016-0028,1,2016-03-02,10,9 DE JULIO AV.,1,-58.38199706,-34.60028648,2,3
21,2016-0029,1,2016-03-04,17,DEHEZA,12,-58.47378664,-34.54153077,2,2
22,2016-0031,1,2016-03-08,12,"ROCA, CNEL. AV.",8,-58.47064556,-34.69843756,1,2
23,2016-0034,1,2016-03-12,12,"BONAVENA, OSCAR NATALIO",4,-58.40623949,-34.65076549,2,2
24,2016-0035,1,2016-03-13,6,CALLAO AV.,3,-58.39228965,-34.60443527,1,2
25,2016-0036,1,2016-03-14,0,"VALLE, ARISTOBULO DEL",4,-58.37813396,-34.63668504,1,2
26,2016-0037,1,2016-03-19,11,QUIRNO,7,-58.46275892,-34.64358293,1,5
27,2016-0038,1,2016-03-21,8,ZUVIRIA,8,-58.49683458,-34.67892743,2,2
28,2016-0039,1,2016-03-23,1,PUEYRREDON AV.,3,-58.40603217,-34.6088396,1,2
29,2016-0041,2,2016-03-29,11,RIVERA INDARTE AV.,7,-58.4607655,-34.63350444,1,3
30,2016-0043,1,2016-03-30,18,MURGUIONDO,8,-58.47832463,-34.67494416,2,3
31,2016-0044,1,2016-03-31,19,BALBASTRO,7,-58.43213235,-34.63693953,1,6
32,2016-0045,1,2016-04-11,10,DEL LIBERTADOR AV.,13,-58.46743471,-34.53476874,1,0
33,2016-0047,1,2016-04-15,5,LIMA 1483,1,-58.38247061,-34.62571878,2,2
34,2016-0048,1,2016-04-15,17,DORREGO AV.,15,-58.44759966,-34.5917024,2,2
35,2016-0049,1,2016-04-17,0,AUTOPISTA 1 SUR PRESIDENTE ARTURO FRONDIZI,4,-58.37714647568196,-34.63657525428238,0,0
36,2016-0050,1,2016-04-19,9,"FERNANDEZ DE LA CRUZ, F., GRAL. AV.",8,-58.47305463,-34.68550712,2,2
37,2016-0051,1,2016-04-20,4,"BONAVENA, OSCAR NATALIO",4,-58.40623949,-34.65076549,1,3
38,2016-0052,1,2016-04-20,20,No identificado,13,0.0,0.0,1,0
39,2016-0053,1,2016-04-22,9,OLAZABAL AV.,12,-58.4842918,-34.57558053,2,2
40,2016-0054,1,2016-04-23,21,"PAZ, GRAL. AV.",8,-58.48695354,-34.68795245,1,5
41,2016-0055,1,2016-04-25,20,"FIGUEROA ALCORTA, PRES. AV.",14,-58.40021959,-34.57964781,2,3
42,2016-0056,1,2016-04-26,4,"CAMPOS, LUIS M. AV. 30",14,-58.42957885,-34.57660058,1,4
43,2016-0058,1,2016-05-04,14,LIMA 1471,1,-58.38247542,-34.62556293,2,5
44,2016-0059,1,2016-05-08,16,LIMA,1,-58.38222219,-34.62728101,2,2
45,2016-0064,1,2016-05-14,18,CARRASCO AV.,10,-58.49485242,-34.62953445,2,2
46,2016-0065,1,2016-05-20,14,ESPINOSA,6,-58.45227946,-34.61068024,2,1
47,2016-0067,1,2016-05-21,17,SARAZA,8,-58.48455411,-34.6751276,1,2
48,2016-0068,1,2016-05-22,22,PUEYRREDON AV.,2,-58.39056593,-34.58418569,1,2
49,2016-0069,1,2016-05-23,3,FILIBERTO,3,-58.39118948,-34.62704273,3,3
50,2016-0073,1,2016-06-11,15,"MAGARIÃ‘OS CERVANTES, A. 3900",10,-58.49021952,-34.62025108,1,3
51,2016-0074,1,2016-06-12,6,"SCAPINO, RODOLFO",8,-58.49896559,-34.67732118,3,1
52,2016-0075,1,2016-06-12,23,MIRALLA,8,-58.47461076,-34.66874679,2,1
53,2016-0076,1,2016-06-13,16,CAMARONES,15,-58.46210891,-34.60356211,2,2
54,2016-0077,1,2016-06-13,21,"ALEM, LEANDRO N. AV.",1,-58.3702777,-34.60536123,2,2
55,2016-0078,1,2016-06-13,23,JUJUY AV.,3,-58.40491455,-34.6146383,1,5
56,2016-0079,1,2016-06-16,17,"UDAONDO, GUILLERMO AV.",13,-58.45504154,-34.54864492,3,1
57,2016-0080,1,2016-06-18,6,RIVADAVIA AV.,9,-58.52927982,-34.63931752,3,0
58,2016-0081,1,2016-06-22,7,MACHAIN,12,-58.4872106,-34.55904606,1,1
59,2016-0082,1,2016-06-27,18,LA PLATA AV. 2384,4,-58.42273092,-34.64228803,2,1
60,2016-0083,1,2016-06-28,20,PUAN,6,-58.44788671,-34.62539009,2,5
61,2016-0084,1,2016-06-29,22,TUCUMAN,1,-58.38110563,-34.60135531,2,2
62,2016-0085,1,2016-06-29,22,EREZCANO,4,-58.42378834,-34.657341,1,8
63,2016-0086,1,2016-06-30,16,"FALCON, RAMON L.,CNEL.",10,-58.48727942,-34.63652467,2,2
64,2016-0087,1,2016-07-02,0,CASEROS AV.,1,-58.37864583,-34.62907067,1,4
65,2016-0088,1,2016-07-11,15,NUÃ‘EZ,12,-58.5015175,-34.56767549,2,1
66,2016-0089,1,2016-07-14,6,LA PAMPA,13,-58.43233425,-34.55185825,2,1
67,2016-0090,1,2016-07-14,22,RIVADAVIA AV.,5,-58.41971993,-34.6111224,2,2
68,2016-0092,1,2016-07-15,11,DEL LIBERTADOR AV.,13,-58.46743471,-34.53476874,1,3
69,2016-0093,1,2016-07-17,3,"MITRE, EMILIO",6,-58.44362126,-34.62301748,3,1
70,2016-0095,1,2016-07-23,6,MOSCONI GENERAL AV.,11,-58.51713095,-34.59546519,1,1
71,2016-0096,1,2016-07-25,7,AUTOPISTA DELLEPIANE LUIS TTE. GRAL.,8,-58.47433193007387,-34.66684950051973,1,3
72,2016-0097,1,2016-07-26,18,MEXICO,1,-58.39038605,-34.6156281,2,1
73,2016-0098,1,2016-07-27,16,ALBERTI,3,-58.40042405,-34.62356174,1,3
74,2016-0099,1,2016-07-29,16,"PAZ, GRAL. AV.",11,-58.52340614,-34.59798754,5,3
75,2016-0100,1,2016-08-03,23,DONADO,12,-58.49491054,-34.54795581,1,4
76,2016-0101,1,2016-08-07,19,"CHAVEZ, JORGE",9,-58.52932872,-34.65014993,0,0
77,2016-0102,1,2016-08-10,23,"SUAREZ, JOSE LEON",9,-58.50011639,-34.67316502,1,3
78,2016-0104,1,2016-08-14,21,SANTIAGO DE COMPOSTELA AV.,9,-58.46635001,-34.65624369,1,2
79,2016-0105,1,2016-08-17,0,FRAGA,15,-58.45343236,-34.58435809,2,2
80,2016-0106,1,2016-08-19,21,DEL LIBERTADOR AV.,1,-58.38090932,-34.58927731,2,2
81,2016-0107,1,2016-08-20,8,DON PEDRO DE MENDOZA AV.,4,-58.37157668,-34.65429986,1,1
82,2016-0109,1,2016-08-24,5,BARRAGAN,9,-58.52280139,-34.63659934,3,4
83,2016-0110,1,2016-08-24,20,CARHUE,9,-58.51232237,-34.6590353,2,0
84,2016-0111,1,2016-08-25,9,LA PAMPA,15,-58.47461905,-34.57663634,1,3
85,2016-0112,1,2016-08-27,4,AUTOPISTA 1 SUR PRESIDENTE ARTURO FRONDIZI,1,-58.38268809,-34.62282019,1,4
86,2016-0113,1,2016-08-27,16,GUARDIA NACIONAL,9,-58.49603546,-34.64564271,2,2
87,2016-0114,1,2016-08-31,11,"SALGUERO, JERONIMO 1410",14,-58.41848605,-34.59394733,4,3
88,2016-0115,1,2016-09-02,11,TRONADOR,12,-58.48935041,-34.54917673,0,3
89,2016-0116,1,2016-09-02,20,ESCALADA AV.,8,-58.44451316,-34.68475866,1,1
90,2016-0117,1,2016-09-03,15,TAGLE,14,-58.39936478,-34.58271474,3,1
91,2016-0118,1,2016-09-04,3,AUTOPISTA 1 SUR PRESIDENTE ARTURO FRONDIZI KM. 2.9,1,-58.37936704,-34.62694503,3,1
92,2016-0119,1,2016-09-04,6,TRIUNVIRATO AV.,12,-58.49659234,-34.56353635,0,0
93,2016-0122,1,2016-09-13,7,"PERON, EVA AV. 4233",9,-58.47256391,-34.65194557,4,2
94,2016-0123,1,2016-09-14,9,"BONORINO, ESTEBAN, CNEL. AV.",7,-58.45130953,-34.64053676,1,1
95,2016-0124,1,2016-09-16,15,RIVERA INDARTE AV.,7,-58.46271207,-34.62884871,2,2
96,2016-0125,1,2016-09-17,12,"ALBERDI, JUAN BAUTISTA AV.",10,-58.49020869,-34.64243791,1,5
97,2016-0126,2,2016-09-18,22,TINOGASTA,10,-58.52572109,-34.62125906,3,3
98,2016-0127,1,2016-09-24,10,"ROCA, CNEL. AV.",8,-58.44094791,-34.66677111,2,2
99,2016-0128,1,2016-10-02,11,PAVON AV.,5,-58.41914024,-34.6305389,2,2
100,2016-0130,1,2016-10-04,12,BRASIL,1,-58.37910942,-34.62764717,1,3
101,2016-0131,1,2016-10-09,19,MIRAVE 3500,4,-58.39871183,-34.64539318,2,1
102,2016-0132,1,2016-10-10,2,24 DE NOVIEMBRE,3,-58.41036975,-34.62477021,3,2
103,2016-0133,1,2016-10-14,0,SANCHEZ DE BUSTAMANTE,14,-58.40204698,-34.5834269,1,1
104,2016-0134,1,2016-10-23,5,2 DE ABRIL DE 1982,8,-58.48935287,-34.67648597,1,4
105,2016-0135,1,2016-10-24,5,"PINEDO, INT.",14,-58.42260225,-34.56403694,2,0
106,2016-0136,1,2016-10-25,0,No identificado,4,0.0,0.0,1,3
107,2016-0137,1,2016-10-25,0,LADINES,11,-58.51537091,-34.59035925,1,5
108,2016-0138,1,2016-10-27,20,BLANCO ENCALADA,13,-58.4590967,-34.55922742,4,3
109,2016-0139,1,2016-10-28,23,DORREGO AV.,14,-58.42008769,-34.56539579,1,5
110,2016-0140,1,2016-10-31,2,VUELTA DE OBLIGADO,13,-58.45566399,-34.56147293,6,2
111,2016-0142,1,2016-11-05,23,"RAMOS MEJIA, JOSE MARIA, DR. AV.",1,-58.37533517,-34.59276462,1,2
112,2016-0143,1,2016-11-06,4,ESCALADA AV.,8,-58.44451316,-34.68475866,1,0
113,2016-0144,1,2016-11-07,12,"BROWN, ALTE. AV. 984",4,-58.35975012,-34.63343907,2,2
114,2016-0145,1,2016-11-07,20,LA PAMPA,13,-58.44523595,-34.55953855,1,1
115,2016-0146,1,2016-11-09,20,BRASIL,4,-58.39626094,-34.63036565,2,2
116,2016-0147,1,2016-11-16,21,"CEVALLOS, VIRREY",1,-58.38896772,-34.61799615,7,2
117,2016-0148,1,2016-11-16,22,GARMENDIA AV. 4895,15,-58.46536113,-34.59484504,1,5
118,2016-0150,1,2016-11-18,18,"TABORDA, DIOGENES",4,-58.40879146,-34.65273216,5,3
119,2016-0151,1,2016-11-18,20,No identificado,0,0.0,0.0,2,0
120,2016-0152,1,2016-11-23,21,ZUVIRIA,7,-58.46451841,-34.64991946,1,1
121,2016-0153,1,2016-11-25,15,CORDOBA AV.,15,-58.4291709,-34.59485488,2,5
122,2016-0154,1,2016-11-26,14,"PAZ, GRAL. AV. 15200",8,-58.49007772,-34.68251141,1,5
123,2016-0155,1,2016-11-26,16,MADERO 900,10,-58.52756365,-34.62772274,2,1
124,2016-0156,1,2016-11-26,19,DEAN FUNES,3,-58.40638983,-34.61943202,1,2
125,2016-0157,1,2016-12-03,6,"JUSTO, JUAN B. AV. 5645",11,-58.47576807,-34.61740997,1,5
126,2016-0159,1,2016-12-04,7,ESCALADA AV.,8,-58.44451316,-34.68475866,3,0
127,2016-0160,1,2016-12-06,5,AUTOPISTA PERITO MORENO (ALTURA VELEZ SARSFIELD),9,-58.51927194,-34.63635787,5,4
128,2016-0161,1,2016-12-06,7,GODOY CRUZ,14,-58.42525456,-34.57866344,2,2
129,2016-0162,1,2016-12-07,5,FOREST AV.,15,-58.45396573,-34.58518167,2,1
130,2016-0163,1,2016-12-10,7,MOSCONI GENERAL AV.,11,-58.52340614,-34.59798754,1,1
131,2016-0164,1,2016-12-11,6,"POMAR, GREGORIO TTE. CNEL.",4,-58.42323628,-34.64119105,3,1
132,2016-0165,1,2016-12-12,8,"GARCIA, MARTIN AV. 300",4,-58.36926144,-34.62841919,4,2
133,2016-0168,1,2016-12-13,10,"POMAR, GREGORIO TTE. CNEL.",4,-58.42323628,-34.64119105,1,1
134,2016-0169,1,2016-12-15,15,"BALBIN, RICARDO, DR. AV.",12,-58.47935434,-34.55676497,1,2
135,2016-0170,1,2016-12-19,17,"PAZ, GRAL. AV. 4500",12,-58.50598256,-34.5637998,1,1
136,2016-0171,1,2016-12-25,19,AUTOPISTA 25 DE MAYO,1,-58.36607137,-34.62150748,1,5
137,2016-0172,1,2016-12-26,8,CASTRO,5,-58.41918902,-34.63174259,1,3
138,2016-0173,1,2016-12-26,19,SAN PEDRITO AV.,7,-58.46749188,-34.63551751,1,3
139,2016-0174,1,2016-12-27,0,AUTOPISTA 25 DE MAYO,0,0.0,0.0,0,0
140,2016-0175,1,2016-12-27,8,MEMBRILLAR,7,-58.46064174,-34.62960517,2,7
141,2016-0176,1,2016-12-28,1,PASEO COLON AV.,1,-58.36956186,-34.61232875,1,2
142,2016-0177,1,2016-12-29,4,ARENALES 3319,14,-58.40966671,-34.58788235,2,1
143,2016-0178,1,2016-12-30,16,SAAVEDRA,3,-58.40288226,-34.61544091,2,6
144,2017-0001,1,2017-01-02,1,ACHUPALLAS,11,-58.4659423,-34.61028571,1,3
145,2017-0003,1,2017-01-05,3,VELEZ SARSFIELD AV.,4,-58.38957669,-34.64410277,5,3
146,2017-0007,1,2017-01-11,17,MEXICO,1,-58.3816166,-34.61529543,2,6
147,2017-0008,1,2017-01-16,0,BONPLAND,14,-58.43917004,-34.58494351,1,2
148,2017-0009,1,2017-01-16,13,BOEDO AV.,5,-58.41595919,-34.62743346,1,3
149,2017-0010,1,2017-01-16,16,RIGLOS,6,-58.4356488,-34.62828656,1,1
150,2017-0011,1,2017-01-22,2,"BALBIN, RICARDO, DR. AV.",12,-58.5007381,-34.5497951,1,4
151,2017-0012,1,2017-01-24,14,"TABORDA, DIOGENES",4,-58.40969005,-34.6505529,1,3
152,2017-0013,1,2017-01-27,7,"IRIARTE, GRAL. AV. 3055",4,-58.38972622,-34.65098981,2,3
153,2017-0014,1,2017-01-28,8,ARIAS,12,-58.49185972,-34.55046754,1,6
154,2017-0015,1,2017-02-02,15,CALLAO AV.,2,-58.39293417,-34.59963642,2,1
155,2017-0016,1,2017-02-03,5,AUTOPISTA 25 DE MAYO KM. 8.3,1,-58.38099494,-34.62288231,1,3
156,2017-0017,1,2017-02-06,8,PARAGUAY,14,-58.429012,-34.58095431,1,1
157,2017-0018,1,2017-02-09,7,DE LOS CORRALES AV.,9,-58.50877521,-34.66977709,1,1
158,2017-0021,1,2017-02-18,5,LIBERTAD,1,-58.38362373,-34.60509972,1,2
159,2017-0024,1,2017-02-23,20,RIVADAVIA AV. 7121,7,-58.46589308,-34.62955795,2,2
160,2017-0025,1,2017-02-24,17,RIVERA INDARTE AV.,7,-58.43614426,-34.6542464,1,0
161,2017-0026,2,2017-02-26,5,FOURNIER,4,-58.41842777,-34.64979057,3,4
162,2017-0027,1,2017-02-26,21,CASEROS AV. 1429,1,-58.38332245,-34.6319325,2,1
163,2017-0028,1,2017-02-28,9,FRAGATA PRES. SARMIENTO,6,-58.45475488,-34.61196327,2,1
164,2017-0029,1,2017-03-07,2,TANDIL,9,-58.48501341,-34.64742455,0,1
165,2017-0030,1,2017-03-07,8,AUTOPISTA DELLEPIANE LUIS TTE. GRAL.,9,-58.47010988,-34.65872088,3,2
166,2017-0031,1,2017-03-11,1,PAVON,3,-58.4099756,-34.62873635,3,4
167,2017-0032,1,2017-03-12,5,LOS CEDROS,8,-58.48892175,-34.68359163,3,1
168,2017-0033,1,2017-03-12,7,"GUTIERREZ, RICARDO",11,-58.52466448,-34.60325478,3,1
169,2017-0034,1,2017-03-13,7,GODOY CRUZ 2651,14,-58.42554218,-34.57929036,2,1
170,2017-0035,3,2017-03-23,5,"VILLAFLOR, AZUCENA",1,-58.35881506,-34.61113641,3,4
171,2017-0036,2,2017-03-29,18,CAMPANA,12,-58.51452347,-34.58159762,1,2
172,2017-0037,1,2017-03-31,3,"CEVALLOS, VIRREY",1,-58.38896772,-34.61799615,1,3
173,2017-0038,1,2017-04-01,19,LAUTARO,7,-58.44516857,-34.64363363,1,1
174,2017-0040,1,2017-04-03,9,"GUIRALDES, INT. 2699",13,-58.43834197,-34.54560369,3,6
175,2017-0041,1,2017-04-03,23,"FERNANDEZ MORENO, BALDOMERO 2186",7,-58.45485084,-34.63531854,1,1
176,2017-0042,1,2017-04-10,9,"LUGONES, LEOPOLDO AV.",14,0.0,0.0,1,3
177,2017-0045,1,2017-04-14,6,NOGOYA 5940,10,-58.52449285,-34.62454175,1,4
178,2017-0047,1,2017-04-23,6,CORVALAN,8,-58.46713742,-34.6719879,1,1
179,2017-0049,1,2017-04-27,18,VARELA AV.,8,-58.43850413,-34.65554754,2,2
180,2017-0050,2,2017-04-28,11,No identificado,9,0.0,0.0,1,3
181,2017-0051,1,2017-05-01,3,No identificado,7,0.0,0.0,3,1
182,2017-0052,1,2017-05-05,3,GOLETA SANTA CRUZ,8,-58.49413799,-34.68095739,2,3
183,2017-0053,1,2017-05-05,20,VILLARINO,4,-58.37547846,-34.65326075,1,3
184,2017-0054,1,2017-05-07,21,"MORAN, PEDRO",15,-58.48680218,-34.58689719,1,1
185,2017-0055,1,2017-05-09,8,DE LOS CONSTITUYENTES AV. 4900,12,-58.49563989,-34.57962262,3,1
186,2017-0058,1,2017-05-09,23,LIBERTAD,1,-58.38403232,-34.5991594,2,5
187,2017-0059,1,2017-05-11,9,LIMA,1,-58.38223382,-34.62693865,2,2
188,2017-0060,1,2017-05-13,7,"FERNANDEZ DE LA CRUZ, F., GRAL. AV.",8,-58.45966521,-34.67323292,1,4
189,2017-0061,1,2017-05-15,13,CALLAO AV.,2,-58.39303911,-34.59871111,2,5
190,2017-0062,1,2017-05-15,16,SAN BLAS,10,-58.51262106,-34.63395999,1,3
191,2017-0063,1,2017-05-17,10,9 DE JULIO AV.,1,-58.38118367,-34.61646839,2,2
192,2017-0064,1,2017-05-20,5,"PERON, JUAN DOMINGO, TTE. GENERAL",1,-58.37653284,-34.60582475,5,1
193,2017-0065,1,2017-05-22,16,HERRERA,4,-58.37709334,-34.64035082,4,3
194,2017-0066,1,2017-05-22,18,FRAGATA PRES. SARMIENTO,15,-58.46002142,-34.60409469,2,2
195,2017-0067,1,2017-05-23,2,"MORENO, JOSE MARIA AV.",6,-58.4338197,-34.62801894,1,3
196,2017-0068,1,2017-05-27,19,"RABANAL, FRANCISCO, INTENDENTE AV. 2950",8,-58.43580656,-34.66437532,1,4
197,2017-0069,1,2017-05-24,14,"SCHMIDL, ULRICO",9,-58.52173071,-34.65997463,1,0
198,2017-0070,1,2017-05-30,13,NUEVA YORK 3696,11,-58.50791763,-34.59804273,2,1
199,2017-0072,1,2017-06-03,23,VALLEJOS,12,-58.49175088,-34.58226957,3,1
200,2017-0073,1,2017-06-04,9,ECUADOR,3,-58.40781467,-34.60425669,1,1
201,2017-0074,1,2017-06-04,12,CASCO 133,9,-58.52567073,-34.63787791,0,0
202,2017-0075,1,2017-06-12,22,9 DE JULIO AV.,1,-58.381542,-34.60906385,2,5
203,2017-0076,1,2017-06-13,14,CALLE 12 (NO OFICIAL),2,-58.38526125,-34.5780581,2,3
204,2017-0077,1,2017-06-17,23,FRAY JUSTO SANTAMARIA DE ORO 1930,14,-58.42934104,-34.58451712,1,3
205,2017-0079,1,2017-06-19,16,DEAN FUNES,3,-58.40657493,-34.61781124,1,3
206,2017-0080,1,2017-06-22,10,ESCALADA AV.,9,-58.49525314,-34.64487785,2,3
207,2017-0082,1,2017-06-25,22,BRASIL,4,-58.39092851,-34.62932696,2,1
208,2017-0083,1,2017-07-04,0,GUARDIA NACIONAL,9,-58.49603546,-34.64564271,1,3
209,2017-0084,1,2017-07-05,12,RODRIGUEZ PEÃ‘A,2,-58.38502878,-34.58703485,2,2
210,2017-0085,1,2017-07-07,14,"GARCIA, MARTIN AV.",4,-58.37261143,-34.63150425,2,2
211,2017-0086,1,2017-07-09,7,MURGUIONDO,9,-58.51876802,-34.63905965,2,5
212,2017-0087,1,2017-07-10,10,24 DE NOVIEMBRE 390,3,-58.41095567,-34.61516101,2,1
213,2017-0088,1,2017-07-10,22,BRASIL AV.,1,-58.36797542,-34.62519403,2,2
214,2017-0089,1,2017-07-13,12,"LEGUIZAMON, MARTINIANO 901",9,-58.51514709,-34.64787051,0,1
215,2017-0090,1,2017-07-15,5,"PAZ, GRAL. AV.",11,-58.51925642,-34.59171721,2,1
216,2017-0091,1,2017-07-15,13,"PAZ, GRAL. AV.",12,-58.48671535,-34.54321216,1,0
217,2017-0092,1,2017-07-24,22,AUTOPISTA 1 SUR PRESIDENTE ARTURO FRONDIZI,1,-58.38268809,-34.62282019,2,1
218,2017-0093,1,2017-07-25,16,PUENTE DISTRIBUIDOR SCALABRINI ORTIZ,13,-58.43633522,-34.54966288,2,1
219,2017-0094,1,2017-07-27,8,"HUGO, VICTOR 2639",10,-58.52640838,-34.61765855,4,3
220,2017-0095,1,2017-08-06,8,"SALGUERO, JERONIMO",14,-58.41894306,-34.59778875,1,1
221,2017-0096,1,2017-08-07,19,NUÃ‘EZ,13,-58.46756026,-34.54972741,2,2
222,2017-0098,1,2017-08-08,12,"BONIFACIO, JOSE 2114",7,-58.45715752,-34.63132912,2,1
223,2017-0099,1,2017-08-17,19,"FIGUEROA ALCORTA, PRES. AV. 5400",14,-58.42406784,-34.56213916,4,1
224,2017-0100,1,2017-08-21,7,REPUBLICA BOLIVARIANA DE VENEZUELA 2135,3,-58.3967447,-34.61512051,1,4
225,2017-0101,1,2017-08-23,10,ZAPATA,13,-58.44537508,-34.57084818,2,6
226,2017-0102,1,2017-08-24,1,ZAVALETA,4,-58.40056767,-34.6510708,2,3
227,2017-0104,1,2017-08-25,9,ESTADOS UNIDOS,1,-58.38109568,-34.61853244,2,3
228,2017-0106,1,2017-08-31,19,GUEMES,14,-58.42533612,-34.58035258,2,2
229,2017-0107,1,2017-09-01,11,JARAMILLO,13,-58.46062311,-34.54395182,1,3
230,2017-0108,2,2017-09-02,4,MACHAIN,12,-58.49491054,-34.54795581,8,1
231,2017-0109,1,2017-09-04,21,PORTELA,7,-58.47130269,-34.63665402,1,1
232,2017-0110,1,2017-09-06,14,"ALEM, LEANDRO N. AV.",1,-58.370488,-34.60189492,2,2
233,2017-0111,1,2017-09-07,18,PIROVANO,4,-58.42023854,-34.6423411,2,3
234,2017-0112,2,2017-09-10,9,VARELA AV.,7,-58.45807401,-34.6399743,3,4
235,2017-0113,1,2017-09-11,6,MAIPU,1,-58.37697717,-34.59573848,2,2
236,2017-0114,1,2017-09-15,2,DEL LIBERTADOR AV.,2,-58.3910058,-34.5849866,3,4
237,2017-0115,1,2017-09-19,18,TREINTA Y TRES ORIENTALES,5,-58.42182126,-34.63089661,1,7
238,2017-0116,1,2017-09-20,22,"PAZ, GRAL. AV. 5750",12,-58.51389422,-34.58075791,1,4
239,2017-0118,1,2017-09-22,7,"CRUZ, OSVALDO AV.",4,-58.37585415,-34.65232158,1,1
240,2017-0120,1,2017-10-02,15,ESCALADA AV.,9,-58.47297505,-34.66245085,1,3
241,2017-0123,1,2017-10-10,1,ARGENTINA AV.,8,-58.46855503,-34.67216349,2,1
242,2017-0124,1,2017-10-12,14,"RAMIREZ DE VELASCO, JUAN 1211",15,-58.44254033,-34.59185043,1,2
243,2017-0125,1,2017-10-13,6,LARRAYA,8,-58.46622247,-34.67926929,1,4
244,2017-0126,2,2017-10-14,6,CAÃ‘ADA DE GOMEZ,8,-58.48003734,-34.68148508,3,4
245,2017-0127,1,2017-10-16,7,CORDOBA AV.,2,-58.41192137,-34.59800248,1,5
246,2017-0128,1,2017-10-17,12,"ARANGUREN, JUAN F., DR. 611",6,-58.44034689,-34.61349731,2,2
247,2017-0129,1,2017-10-26,19,AUTOPISTA 25 DE MAYO,9,-58.47155277,-34.64925746,1,2
248,2017-0130,1,2017-10-27,5,SAN MARTIN AV.,15,-58.47883099,-34.59967065,3,3
249,2017-0132,1,2017-10-30,14,"ROCA, CNEL. AV.",8,-58.46552171,-34.6937413,1,2
250,2017-0134,1,2017-11-06,18,"ROCA, CNEL. AV. 3555",8,-58.4423972,-34.66777987,2,2
251,2017-0135,1,2017-11-07,12,PUNTA ARENAS,15,-58.47032551,-34.59626814,1,3
252,2017-0136,1,2017-11-16,8,"RABANAL, FRANCISCO, INTENDENTE AV.",4,-58.41827843,-34.65522746,2,2
253,2017-0137,1,2017-11-17,11,SAN NICOLAS,11,-58.51280715,-34.59279388,2,3
254,2017-0138,1,2017-11-19,10,"PERON, EVA AV.",7,-58.46258582,-34.64385704,1,4
255,2017-0139,1,2017-11-19,22,ESCALADA AV.,8,-58.45064148,-34.68003614,3,4
256,2017-0140,1,2017-11-19,23,AUTOPISTA 1 SUR PRESIDENTE ARTURO FRONDIZI,4,0.0,0.0,1,2
257,2017-0141,1,2017-11-23,19,"GOYENA, PEDRO AV.",6,-58.42717783,-34.62513374,2,2
258,2017-0143,1,2017-11-25,21,"DIAZ, CESAR, GRAL.",11,-58.46442001,-34.60724519,3,2
259,2017-0144,1,2017-11-26,6,"PAZ, GRAL. AV.",8,-58.47064556,-34.69843756,3,4
260,2017-0145,1,2017-11-26,17,DON BOSCO,5,-58.41677733,-34.61223119,1,1
261,2017-0147,1,2017-11-28,11,"PERON, EVA AV.",9,-58.5025179,-34.67450313,1,1
262,2017-0148,1,2017-11-29,10,LA RIOJA,3,-58.40708125,-34.62438894,2,2
263,2017-0149,1,2017-11-30,12,MEXICO,1,-58.36947198,-34.61477051,2,2
264,2017-0150,1,2017-12-04,1,MIRALLA,9,-58.51140889,-34.63934531,2,1
265,2017-0151,1,2017-12-04,2,LUJAN,4,-58.37460912,-34.65559133,2,2
266,2017-0152,1,2017-12-06,17,TRAFUL,4,-58.41146277,-34.65073916,4,2
267,2017-0153,2,2017-12-11,2,LA PLATA AV.,6,-58.42855267,-34.61829385,1,2
268,2017-0154,1,2017-12-11,9,CASEROS AV.,4,-58.39035581,-34.63412287,2,2
269,2017-0155,1,2017-12-12,21,RIVADAVIA AV. 6350,7,-58.45593915,-34.62656868,0,5
270,2017-0157,1,2017-12-17,9,HUMAITA,9,-58.52866211,-34.64597065,3,2
271,2017-0158,1,2017-12-18,21,"PAZ, GRAL. AV.",11,-58.52037476,-34.59407024,1,1
272,2017-0159,1,2017-12-20,4,"CEVALLOS, VIRREY",1,-58.38896772,-34.61799615,1,1
273,2017-0160,1,2017-12-22,13,NAZCA AV. 365,7,-58.47074114,-34.62771756,2,5
274,2017-0161,1,2017-12-26,15,"PERON, EVA AV. 5249",9,-58.48200819,-34.65969965,2,1
275,2018-0001,1,2018-01-01,22,RINCON,3,-58.39536773,-34.62297346,2,5
276,2018-0002,1,2018-01-03,16,PERU 937,1,-58.37456088,-34.61895467,4,2
277,2018-0003,1,2018-01-05,10,GALICIA,15,-58.44860217,-34.60395657,2,6
278,2018-0004,1,2018-01-09,9,MANZANARES,13,-58.46129513,-34.54332766,1,6
279,2018-0005,1,2018-01-09,22,PASEO COLON AV. 1019,1,-58.36907201,-34.61953517,2,2
280,2018-0006,1,2018-01-10,21,BARCO CENTENERA DEL,6,-58.44062219,-34.62499107,4,2
281,2018-0007,1,2018-01-11,2,AUTOPISTA PERITO MORENO KM. 0.6,9,-58.52502765,-34.63601265,3,1
282,2018-0008,1,2018-01-12,17,"HUERGO, ING. AV. e INDEPENDENCIA AV.",1,-58.36659655,-34.61687778,1,3
283,2018-0009,1,2018-01-14,2,"BROWN, ALTE. AV.",4,-58.36737389,-34.62763661,1,5
284,2018-0010,1,2018-01-18,5,"BELAUSTEGUI, LUIS, DR.",10,-58.49807953,-34.63038658,1,3
285,2018-0011,1,2018-01-19,10,"LOPEZ, VICENTE",2,-58.39092703,-34.59088447,2,2
286,2018-0012,1,2018-01-26,13,"CHILAVERT, MARTINIANO, CORONEL",8,-58.46912006,-34.68049201,1,2
287,2018-0013,1,2018-01-28,8,GALVAN,12,-58.48661286,-34.56786129,1,1
288,2018-0014,1,2018-01-31,20,RIVERA INDARTE AV.,7,-58.44074927,-34.65080597,2,5
289,2018-0015,2,2018-02-06,1,AUSTRALIA AV. 2800,4,-58.38636298,-34.64684275,1,2
290,2018-0016,1,2018-02-15,10,"RAMOS MEJIA, JOSE MARIA, DR. AV.",1,-58.37533517,-34.59276462,1,3
291,2018-0017,1,2018-02-17,4,RIVADAVIA AV.,7,-58.46963952,-34.63070603,2,1
292,2018-0018,1,2018-02-17,7,"SALVADORES, CNEL.",4,-58.37207554,-34.64543658,1,3
293,2018-0019,1,2018-02-17,12,CALLAO AV.,2,-58.39189441,-34.59176378,2,2
294,2018-0020,1,2018-02-19,22,AUTOPISTA PRESIDENTE HECTOR J. CAMPORA,8,-58.45012957,-34.66518343,1,3
295,2018-0021,1,2018-02-22,10,ZAVALETA,4,-58.40184094,-34.64546845,2,2
296,2018-0022,1,2018-02-24,0,OLAVARRIA,4,-58.37441153,-34.63966783,1,3
297,2018-0023,1,2018-02-24,6,ROSARIO,6,-58.44110156,-34.62082399,1,1
298,2018-0024,1,2018-02-28,23,DONADO,15,-58.47087351,-34.57827342,2,3
299,2018-0025,1,2018-03-04,22,BOYACA AV.,7,-58.4596221,-34.6224514,2,1
300,2018-0026,2,2018-03-09,4,SAENZ AV.,4,-58.41657793,-34.65476216,7,3
301,2018-0027,1,2018-03-11,23,RONDEAU,5,-58.41911301,-34.63722107,2,5
302,2018-0028,1,2018-03-13,15,AZUL,9,-58.47120586,-34.64251042,2,3
303,2018-0029,1,2018-03-15,18,GAONA AV.,11,-58.47418944,-34.62049672,1,1
304,2018-0030,1,2018-03-20,1,ALVAREZ THOMAS AV.,15,-58.46720441,-34.57905579,1,5
305,2018-0031,1,2018-03-28,10,"ARTIGAS, JOSE GERVASIO, GRAL.",11,-58.46909362,-34.6177971,1,3
306,2018-0032,1,2018-04-02,13,AGUILAR,13,-58.44704343,-34.5688864,2,2
307,2018-0033,1,2018-04-07,7,LOPE DE VEGA AV.,10,-58.50535541,-34.62902048,1,3
308,2018-0034,1,2018-04-11,18,SANTA FE AV. 2320,2,-58.40021675,-34.59522198,2,2
309,2018-0035,1,2018-04-12,16,RIVADAVIA AV. 6950,7,-58.46325991,-34.62919627,2,2
310,2018-0036,1,2018-04-13,23,ARGERICH,15,-58.49471482,-34.59694755,1,1
311,2018-0037,1,2018-04-18,18,"URIBURU JOSE E., PRES.",2,-58.3987261,-34.59975962,2,3
312,2018-0038,2,2018-04-20,17,RIVADAVIA AV. 1571,1,-58.38872177,-34.60885045,2,1
313,2018-0039,1,2018-04-21,22,No identificado,14,0.0,0.0,2,1
314,2018-0040,1,2018-04-27,11,"OLAGUER Y FELIU, VIRREY",13,-58.45686132,-34.57305993,2,3
315,2018-0041,1,2018-04-27,13,"FERNANDEZ DE LA CRUZ, F., GRAL. AV.",4,-58.42281627,-34.64282424,2,2
316,2018-0042,1,2018-04-27,18,PERDRIEL,4,-58.38666024,-34.63953396,1,3
317,2018-0043,1,2018-04-28,6,ALVAREZ JONTE AV.,11,-58.49122843,-34.61207587,1,1
318,2018-0044,1,2018-04-28,9,ALBERTI e INDEPENDENCIA AV.,3,-58.40098306,-34.61866627,2,1
319,2018-0045,1,2018-04-30,7,ALVAREZ THOMAS AV. 879,13,-58.45448963,-34.5791692,3,3
320,2018-0046,1,2018-05-02,3,RIVADAVIA AV.,9,-58.52927982,-34.63931752,2,1
321,2018-0047,1,2018-05-08,19,DORREGO AV.,15,-58.44759966,-34.5917024,2,2
322,2018-0048,1,2018-05-09,10,PEDERNERA,7,-58.46411215,-34.62925068,2,2
323,2018-0049,1,2018-05-11,19,QUESADA 2300,13,-58.4621322,-34.55395823,2,1
324,2018-0050,1,2018-05-14,18,JURAMENTO AV.,13,-58.45669422,-34.5620361,2,2
325,2018-0051,1,2018-05-15,21,"CARBONARI, FRANCISCO, CMTE.",4,-58.3597716,-34.64341878,2,1
326,2018-0052,1,2018-05-18,20,NAZCA,15,-58.49820145,-34.59070093,2,2
327,2018-0053,1,2018-05-20,2,AGUERO,3,-58.4105928,-34.5993918,1,1
328,2018-0054,1,2018-05-22,11,LUGONES 2430,12,-58.47969138,-34.57121563,2,7
329,2018-0055,1,2018-05-29,7,JUJUY AV.,3,-58.40351561,-34.61883916,1,1
330,2018-0056,1,2018-06-02,13,RIVADAVIA AV. 11050,9,-58.51973844,-34.63918987,2,2
331,2018-0057,1,2018-06-03,3,HUMBERTO 1Â°,3,-58.39311376,-34.62163006,1,2
332,2018-0058,1,2018-06-03,6,THAMES,15,-58.43531242,-34.59082159,1,1
333,2018-0059,1,2018-06-08,6,SANCHEZ DE LORIA,5,-58.41178165,-34.63035454,1,8
334,2018-0060,1,2018-06-08,12,"ALEM, LEANDRO N. AV.",1,-58.370488,-34.60189492,2,2
335,2018-0061,1,2018-06-10,11,PICHINCHA,3,-58.39883882,-34.61964833,1,5
336,2018-0062,1,2018-06-14,1,BARCO CENTENERA DEL,6,-58.44110156,-34.62082399,2,3
337,2018-0063,1,2018-06-16,21,VIAMONTE,1,-58.37093138,-34.59952725,2,2
338,2018-0064,1,2018-06-25,1,PRIMERA JUNTA,7,-58.45855262,-34.63953253,3,3
339,2018-0065,1,2018-06-26,17,JUNCAL,1,-58.38161909,-34.59283447,1,3
340,2018-0066,1,2018-06-28,11,"LACROZE, FEDERICO AV.",15,-58.45511899,-34.58698157,2,2
341,2018-0067,1,2018-06-29,16,FINOCHIETTO ENRIQUE DR.,4,-58.37724226,-34.62973033,6,1
342,2018-0068,1,2018-07-01,9,"ALBERDI, JUAN BAUTISTA AV.",7,-58.45546217,-34.62930339,1,1
343,2018-0069,1,2018-07-04,21,CORDOBA AV. 2215,2,-58.39897064,-34.59954925,4,2
344,2018-0070,1,2018-07-07,15,"URQUIZA, GRAL.",3,-58.40917826,-34.62126274,1,2
345,2018-0071,1,2018-07-10,17,"HUERGO, ING. AV.",1,-58.36726348,-34.61099738,1,3
346,2018-0072,1,2018-07-11,13,MONTIEL,8,-58.48267426,-34.68454456,1,3
347,2018-0073,1,2018-07-11,15,"IRIARTE, GRAL. AV. 3400",4,-58.39546165,-34.65168841,2,3
348,2018-0074,1,2018-07-14,6,"ALBERDI, JUAN BAUTISTA AV. 2968",7,-58.46941984,-34.63376545,3,3
349,2018-0075,1,2018-07-15,7,ORTIZ DE OCAMPO,14,-58.40367321,-34.58129246,2,1
350,2018-0076,1,2018-07-16,9,"PAZ, GRAL. AV.",9,-58.52932872,-34.65014993,3,3
351,2018-0077,1,2018-07-16,23,ESTADOS UNIDOS,3,-58.40917826,-34.62126274,3,3
352,2018-0078,1,2018-07-21,6,SANCHEZ DE BUSTAMANTE,2,-58.41264127,-34.59473294,2,1
353,2018-0079,1,2018-07-23,7,"PAZ, GRAL. AV.",9,-58.50877521,-34.66977709,2,3
354,2018-0080,1,2018-07-25,22,CARHUE,9,-58.51232237,-34.6590353,2,1
355,2018-0081,1,2018-07-29,6,RIVERA INDARTE AV.,7,-58.44744156,-34.64567171,2,6
356,2018-0082,1,2018-08-01,15,"GARZON, EUGENIO, GRAL. AV.",9,-58.49441273,-34.65869968,1,3
357,2018-0083,1,2018-08-02,5,"FERNANDEZ DE LA CRUZ, F., GRAL. AV.",8,-58.47976785,-34.69153196,1,3
358,2018-0084,1,2018-08-03,7,COCHABAMBA,1,-58.36523349,-34.62260331,2,3
359,2018-0085,2,2018-08-03,18,"GARAY, JUAN DE AV.",3,-58.39118948,-34.62704273,1,2
360,2018-0086,1,2018-08-10,21,GUARDIA NACIONAL,9,-58.49019551,-34.65015854,2,2
361,2018-0087,1,2018-08-15,19,COLOMBRES,5,-58.41644362,-34.63023775,2,2
362,2018-0088,1,2018-08-17,16,"BALBIN, RICARDO, DR. AV.",12,-58.5007381,-34.5497951,1,3
363,2018-0089,1,2018-08-17,17,BRASIL,4,-58.39626094,-34.63036565,2,2
364,2018-0090,1,2018-08-18,10,PERGAMINO,8,-58.43284809,-34.67051543,1,1
365,2018-0091,1,2018-08-19,18,BARRAGAN,9,-58.52280139,-34.63659934,3,1
366,2018-0092,1,2018-08-20,8,GASCON,14,-58.4233693,-34.59774487,1,1
367,2018-0093,1,2018-08-20,8,15 DE NOVIEMBRE DE 1889 1513,1,-58.38691681,-34.63105973,2,2
368,2018-0094,1,2018-08-23,5,BERUTI,14,-58.4116902,-34.5857988,1,2
369,2018-0095,1,2018-08-26,0,"DELLEPIANE, LUIS, TTE. GRAL.",9,-58.46739825,-34.65117757,3,1
370,2018-0096,1,2018-08-31,22,"ROCA, CNEL. AV.",8,-58.44483258,-34.67152226,2,1
371,2018-0097,1,2018-09-02,10,"RABANAL, FRANCISCO, INTENDENTE AV.",8,-58.43254025,-34.66128115,3,8
372,2018-0098,2,2018-09-09,5,BERON DE ASTRADA,8,-58.47199387,-34.69640164,3,1
373,2018-0099,1,2018-09-12,14,PEDERNERA,7,-58.46411215,-34.62925068,2,2
374,2018-0100,1,2018-09-20,10,"RAWSON DE DELLEPIANE, ELVIRA AV. 150",1,-58.36217754,-34.62367156,1,1
375,2018-0101,1,2018-09-21,0,ZAPIOLA,12,-58.48098594,-34.5407313,3,6
376,2018-0102,1,2018-09-21,0,"TABORDA, DIOGENES",4,-58.41083404,-34.64640709,1,1
377,2018-0103,1,2018-09-27,17,"BONORINO, ESTEBAN, CNEL. AV.",7,-58.44609828,-34.64446729,2,5
378,2018-0104,1,2018-10-01,8,SUAREZ AV.,4,-58.37709334,-34.64035082,1,5
379,2018-0105,1,2018-10-03,18,RIVADAVIA AV.,7,-58.46963952,-34.63070603,2,2
380,2018-0106,1,2018-10-04,22,ECHEVERRIA,13,-58.43674281,-34.55161027,1,5
381,2018-0107,1,2018-10-06,14,JUJUY AV.,3,-58.4059686,-34.61011987,2,2
382,2018-0108,1,2018-10-09,14,"GUEMES, MACACHA",1,-58.36154069,-34.60463618,1,1
383,2018-0109,1,2018-10-10,22,"ALEM, LEANDRO N. AV.",1,-58.37062179,-34.60066507,2,2
384,2018-0110,1,2018-10-13,3,"GALLARDO, ANGEL AV.",15,-58.43220014,-34.60207186,2,5
385,2018-0111,1,2018-10-19,12,"AUTOPISTA PERITO MORENO & PERON, EVA  AV.",9,-58.46958442,-34.64949724,1,3
386,2018-0112,1,2018-10-24,9,SERRANO,15,-58.44671397,-34.59970903,1,3
387,2018-0113,1,2018-10-25,11,TRES ARROYOS,11,-58.47152163,-34.61474911,1,3
388,2018-0114,1,2018-10-30,2,SOLIS e INDEPENDENCIA AV.,1,-58.39032921,-34.61807951,1,1
389,2018-0115,1,2018-10-31,12,"PAZ, GRAL. AV.",9,-58.52887773,-34.64297861,2,2
390,2018-0116,1,2018-11-01,10,"PAZ, GRAL. AV. 14800",8,-58.49371157,-34.67981324,2,3
391,2018-0117,1,2018-11-04,8,"PERON, EVA AV. 5321",9,-58.48266599,-34.66012327,1,5
392,2018-0118,1,2018-11-05,14,PUEYRREDON AV.,3,-58.40612253,-34.60774301,2,5
393,2018-0119,1,2018-11-05,22,SAN PEDRITO,8,-58.43613623,-34.66292532,2,0
394,2018-0120,1,2018-11-09,13,ALVAREZ THOMAS AV.,12,-58.48250732,-34.57208238,2,1
395,2018-0121,1,2018-11-09,16,MANZONI,10,-58.49945705,-34.6374328,2,2
396,2018-0122,1,2018-11-12,1,LARRAZABAL,8,-58.47743966,-34.67233407,3,1
397,2018-0123,1,2018-11-12,3,"PERON, EVA AV.",9,-58.5025179,-34.67450313,3,0
398,2018-0124,1,2018-11-15,19,RESERVISTAS ARGENTINOS,9,-58.52144411,-34.63682499,5,3
399,2018-0125,1,2018-11-16,21,VENTANA,4,-58.41650465,-34.65084045,2,2
400,2018-0126,1,2018-11-18,12,"FALCON, RAMON L.,CNEL.",9,-58.52994219,-34.64055918,1,1
401,2018-0127,1,2018-11-19,9,DE LOS CONSTITUYENTES AV.,12,-58.50993046,-34.56919739,1,5
402,2018-0128,2,2018-11-25,4,"PAZ, GRAL. AV. 11200",9,-58.52844623,-34.64592873,3,2
403,2018-0129,1,2018-11-28,4,GUEVARA,15,-58.45021367,-34.58695347,1,2
404,2018-0130,1,2018-12-03,3,SEGUROLA AV.,10,-58.49022072,-34.62770192,1,2
405,2018-0131,1,2018-12-07,19,"MADERO, EDUARDO AV. 550",1,-58.36860866,-34.60106568,1,3
406,2018-0132,1,2018-12-12,8,"CASTILLO, RAMON S., PRES. AV.",2,-58.39490504,-34.57241534,2,3
407,2018-0133,1,2018-12-12,14,RIVADAVIA AV.,7,-58.46963952,-34.63070603,2,3
408,2018-0134,1,2018-12-12,21,CASEROS AV.,7,-58.42349365,-34.64019887,2,5
409,2018-0135,1,2018-12-18,14,PERU,1,-58.37471802,-34.61265002,2,2
410,2018-0136,1,2018-12-18,15,RIVADAVIA AV. 7013,7,-58.46438789,-34.62913916,2,2
411,2018-0137,1,2018-12-18,20,SANTIAGO DEL ESTERO,1,-58.38481975,-34.61100424,1,2
412,2018-0138,1,2018-12-21,9,BERMUDEZ 1893,10,-58.50751833,-34.62073702,6,2
413,2018-0139,1,2018-12-22,6,SANTANDER 1974,7,-58.44682986,-34.63888084,1,5
414,2018-0140,1,2018-12-22,8,LANTERI JULIETA 1400,1,-58.3600465,-34.61381341,3,1
415,2018-0141,1,2018-12-22,17,MAZA e INDEPENDENCIA AV.,5,-58.41509546,-34.62085945,2,5
416,2018-0142,1,2018-12-25,13,"PAZ, GRAL. AV. 5172",12,-58.50997604,-34.57251072,5,2
417,2018-0143,1,2018-12-29,5,"ALBERDI, JUAN BAUTISTA AV.",10,-58.48606475,-34.64047818,1,1
418,2019-0001,1,2019-01-08,8,CALLE 12 (NO OFICIAL),2,-58.38526125,-34.5780581,1,3
419,2019-0002,1,2019-01-09,4,"MORENO, PERITO AV.",7,-58.45463662,-34.65082149,3,3
420,2019-0003,1,2019-01-12,8,TERRADA,15,-58.49121672,-34.59718073,1,1
421,2019-0004,1,2019-01-14,19,MEDINA,9,-58.47325712,-34.65284605,3,2
422,2019-0005,1,2019-01-19,12,ALVAREZ JONTE AV.,10,-58.52108101,-34.63382309,1,3
423,2019-0006,1,2019-01-23,5,"OBLIGADO RAFAEL, AV.COSTANERA 4650",14,-58.41652702,-34.55509606,2,1
424,2019-0007,1,2019-01-26,19,YATAY,5,-58.42891604,-34.6107166,1,1
425,2019-0008,1,2019-01-30,22,"PAZ, GRAL. AV. 16080",8,-58.47802293,-34.69156793,1,6
426,2019-0009,1,2019-01-31,14,SAN JUAN AV.,1,-58.37564821,-34.62200207,1,1
427,2019-0010,2,2019-02-02,7,DEL LIBERTADOR AV. 4100,14,-58.42668489,-34.56961468,2,1
428,2019-0011,1,2019-02-10,1,"ALBERDI, JUAN BAUTISTA AV.",9,-58.5183993,-34.66252488,2,1
429,2019-0012,1,2019-02-17,3,"GORDILLO, TIMOTEO",8,-58.48432691,-34.67665828,1,1
430,2019-0013,1,2019-02-20,7,MOM,7,-58.4338383,-34.64457699,2,1
431,2019-0014,1,2019-02-20,17,"LAMARCA, EMILIO 5402",11,-58.51664939,-34.58657938,1,4
432,2019-0015,1,2019-02-23,6,SAN MARTIN AV. 5638,11,-58.49613012,-34.59703502,3,4
433,2019-0016,1,2019-02-24,2,FINOCHIETTO ENRIQUE DR.,4,-58.38313603,-34.63356284,1,2
434,2019-0017,1,2019-03-03,7,PICHINCHA,3,-58.39914719,-34.61632317,3,2
435,2019-0018,1,2019-03-03,23,"UDAONDO, GUILLERMO AV.",13,-58.44927253,-34.54048625,2,1
436,2019-0019,1,2019-03-06,12,DEL LIBERTADOR AV. 6326,13,-58.45049163,-34.55374003,1,1
437,2019-0020,1,2019-03-07,21,CHICLANA AV. 3444,5,-58.41288952,-34.63572989,1,1
438,2019-0021,1,2019-03-15,22,YERBAL,7,-58.45743597,-34.62561234,1,1
439,2019-0022,1,2019-03-15,0,ENTRE RIOS AV. 1260,1,-58.39123782,-34.62352245,3,0
440,2019-0023,1,2019-03-16,8,"JACQUES, AMADEO",9,-58.52922765,-34.63637963,3,4
441,2019-0024,1,2019-03-19,7,ANTARTIDA ARGENTINA AV. 1325,1,-58.37208118,-34.58541957,1,3
442,2019-0025,1,2019-03-22,13,SANCHEZ DE BUSTAMANTE,5,-58.41458534,-34.60937557,2,1
443,2019-0026,1,2019-03-28,7,"PAZ, GRAL. AV.",8,-58.47976785,-34.69153196,2,2
444,2019-0027,1,2019-03-28,11,AZCUENAGA,2,-58.39990285,-34.59511714,4,6
445,2019-0028,1,2019-04-06,9,"OROÃ‘O, NICASIO",11,-58.46051346,-34.60588536,2,2
446,2019-0029,1,2019-04-07,10,"PAZ, GRAL. AV.",8,-58.47976785,-34.69153196,1,4
447,2019-0030,1,2019-04-09,16,YERBAL,7,-58.45457546,-34.62447891,1,3
448,2019-0031,1,2019-04-12,19,"MADERO, EDUARDO AV.",1,-58.36951669,-34.59832047,4,3
449,2019-0032,1,2019-04-16,11,"ALVAREZ, DONATO, TTE. GRAL. AV.",11,-58.46415322,-34.6044379,2,1
450,2019-0033,1,2019-04-18,1,"HUERGO, ING. AV.",1,-58.36607137,-34.62150748,1,0
451,2019-0034,1,2019-04-21,9,"MORENO, PERITO AV. 3050",7,-58.45537373,-34.65093074,1,4
452,2019-0035,1,2019-04-23,14,SUIPACHA 665,1,-58.37942637,-34.60053054,2,7
453,2019-0036,1,2019-04-26,22,FORMOSA,6,-58.4368044,-34.62147504,1,1
454,2019-0037,1,2019-05-01,23,LA RIOJA e INDEPENDENCIA AV.,3,-58.40778291,-34.61971907,1,1
455,2019-0038,1,2019-05-04,14,"FIGUEROA ALCORTA, PRES. AV.",13,-58.45212523,-34.54628513,2,5
456,2019-0039,1,2019-05-09,3,DIRECTORIO AV.,7,-58.46749188,-34.63551751,1,1
457,2019-0040,1,2019-05-09,12,SANTANDER,7,-58.4426358,-34.63679732,1,0
458,2019-0041,1,2019-05-11,20,ANDALGALA,9,-58.51140289,-34.65846419,3,6
459,2019-0042,1,2019-05-14,15,CONSTITUCION,1,-58.38211431,-34.62465368,2,2
460,2019-0043,1,2019-05-21,9,"MADERO, EDUARDO AV.",1,-58.36951669,-34.59832047,4,3
461,2019-0044,1,2019-05-27,12,BOEDO AV. 650,5,-58.41635217,-34.62036547,2,5
462,2019-0045,1,2019-06-03,7,REPUBLICA DE LA INDIA,14,-58.41316147,-34.57579669,1,3
463,2019-0046,1,2019-06-04,9,CABILDO AV.,13,-58.47617802,-34.53825652,1,1
464,2019-0047,1,2019-06-06,10,CASEROS AV. 1700,4,-58.38641783,-34.63330028,2,3
465,2019-0048,1,2019-06-07,7,AVELLANEDA AV. 1548,6,-58.45322169,-34.62038137,1,3
466,2019-0049,1,2019-06-08,9,MENDOZA,13,-58.45849057,-34.56166498,2,3
467,2019-0050,1,2019-06-08,23,HONDURAS AV.,14,-58.41829559,-34.59411677,1,3
468,2019-0051,1,2019-06-11,10,OLAVARRIA,4,-58.36376488,-34.63832093,1,1
469,2019-0053,1,2019-06-14,17,CASTAÃ‘ARES AV.,8,-58.46442668,-34.66004784,3,1
470,2019-0054,1,2019-06-20,3,GANDARA 2976,15,-58.48222035,-34.58428769,1,4
471,2019-0055,1,2019-06-20,19,"MADERO, EDUARDO AV.",1,-58.36819005,-34.60283208,1,2
472,2019-0056,1,2019-06-29,17,BOYACA AV. 305,7,-58.45877601,-34.62330939,2,1
473,2019-0057,1,2019-07-05,19,LA PAMPA,13,-58.44196498,-34.55760517,2,1
474,2019-0058,1,2019-07-10,9,AUTOPISTA PERITO MORENO e IRIGOYEN,10,-58.50622631,-34.63627822,1,2
475,2019-0059,1,2019-07-13,22,SANTIAGO DEL ESTERO,1,-58.3841088,-34.63099197,1,2
476,2019-0060,1,2019-07-17,11,"FALCON, RAMON L.,CNEL.",10,-58.48100602,-34.63504312,2,1
477,2019-0061,1,2019-07-17,18,MENDOZA,13,-58.45200171,-34.5578132,2,2
478,2019-0062,1,2019-08-01,23,"CAMPOS, LUIS M. AV.",13,-58.44462132,-34.56201105,2,2
479,2019-0063,1,2019-08-04,1,MAURE,15,-58.45220688,-34.58711712,1,2
480,2019-0064,1,2019-08-06,3,AVELLANEDA AV.,7,-58.4596221,-34.6224514,1,1
481,2019-0065,1,2019-08-08,16,TILCARA,4,-58.4197085,-34.65414867,2,2
482,2019-0066,1,2019-08-11,21,BOLIVAR (NO OFICIAL),7,-58.44187596,-34.64938031,2,1
483,2019-0067,1,2019-08-14,15,"CASTRO, EMILIO 4706",10,-58.49101637,-34.64276621,1,3
484,2019-0068,1,2019-08-14,17,27 DE FEBRERO AV. 5600,8,-58.42493829,-34.66256502,1,5
485,2019-0069,1,2019-08-17,5,"GARAY, JUAN DE AV. 2874",4,-58.40489318,-34.62930162,1,1
486,2019-0070,1,2019-08-22,12,GORRITI,14,-58.4268668,-34.59217875,1,7
487,2019-0071,1,2019-08-27,11,OLIVERA AV.,9,-58.479611,-34.65620398,2,3
488,2019-0072,1,2019-08-28,6,AZUL,10,-58.47439934,-34.63524207,3,1
489,2019-0073,1,2019-08-29,1,ALVAREZ THOMAS AV. 1788,15,-58.46711912,-34.57926018,3,4
490,2019-0074,1,2019-08-29,9,"PAZ, GRAL. AV.",13,-58.46514781,-34.53465378,1,3
491,2019-0075,1,2019-08-30,23,LUJAN,4,-58.37571078,-34.65584079,1,2
492,2019-0076,1,2019-09-05,18,DON PEDRO DE MENDOZA AV.,4,-58.37157668,-34.65429986,1,3
493,2019-0077,1,2019-09-08,3,TAGLE,14,-58.39811256,-34.58070186,2,1
494,2019-0078,1,2019-09-12,8,"ALCORTA, AMANCIO AV.",4,-58.41125934,-34.6541774,2,3
495,2019-0079,1,2019-09-17,5,COLOMBRES,5,-58.41822901,-34.61866836,1,2
496,2019-0080,1,2019-09-17,18,"PAZ, GRAL. AV.",13,-58.47617802,-34.53825652,2,5
497,2019-0081,1,2019-09-23,16,ELCANO AV. 4300,15,-58.46141281,-34.58623761,2,2
498,2019-0082,1,2019-09-25,7,"RABANAL, FRANCISCO, INTENDENTE AV. 2428",8,-58.42985146,-34.6611974,4,3
499,2019-0083,1,2019-09-26,8,CORVALAN,9,-58.48457413,-34.6583909,3,1
500,2019-0084,1,2019-09-27,11,LAFUENTE,7,-58.46572884,-34.63628186,4,3
501,2019-0085,1,2019-10-09,22,BACACAY,10,-58.49261744,-34.6341913,4,9
502,2019-0086,1,2019-10-15,14,CORRIENTES AV. 6700,15,-58.45283186,-34.5884156,1,2
503,2019-0087,1,2019-10-21,21,MENDOZA,12,-58.47973681,-34.57418656,1,5
504,2019-0088,1,2019-10-22,20,"BONAVENA, OSCAR NATALIO",4,-58.40623949,-34.65076549,2,2
505,2019-0089,1,2019-10-23,15,"BLANES, JUAN MANUEL",4,-58.36244648,-34.63107887,2,3
506,2019-0090,1,2019-10-24,18,"ALBERDI, JUAN BAUTISTA AV. 5455",9,-58.49962423,-34.64868027,2,5
507,2019-0091,1,2019-11-01,20,CAMARGO,15,-58.44551437,-34.59559816,2,2
508,2019-0092,1,2019-11-03,10,SUAREZ,4,-58.35608181,-34.63420319,2,2
509,2019-0093,1,2019-11-13,11,"JUSTO, JUAN B. AV.",11,-58.46483679,-34.60907662,4,8
510,2019-0094,1,2019-11-18,14,SERRANO,15,-58.44368628,-34.59724326,1,8
511,2019-0095,1,2019-11-20,15,CASEROS AV.,1,-58.37864583,-34.62907067,1,3
512,2019-0096,1,2019-11-22,19,PIEDRAS,1,-58.37560352,-34.62726382,2,2
513,2019-0097,1,2019-11-25,8,AUTOPISTA PERITO MORENO KM. 5.6,9,-58.47721439,-34.64815069,1,6
514,2019-0098,1,2019-11-25,14,GUZMAN 365,15,-58.45134029,-34.58984288,6,2
515,2019-0100,1,2019-12-05,17,DE LOS CONSTITUYENTES AV. 4300,12,-58.49040794,-34.58368803,1,1
516,2019-0101,1,2019-12-17,4,TILCARA AV.,4,-58.42102679,-34.64991178,1,5
517,2019-0102,1,2019-12-17,14,"GORDILLO, TIMOTEO",9,-58.52219407,-34.64143926,1,1
518,2019-0103,1,2019-12-18,0,GRIVEO,11,-58.52169422,-34.5947164,1,5
519,2019-0104,1,2019-12-21,4,PERGAMINO,10,-58.47460416,-34.63206174,1,1
520,2019-0105,1,2019-05-05,11,SEGUROLA AV.,10,-58.50512382,-34.61520391,2,1
521,2020-0001,1,2020-01-04,10,LOYOLA,15,-58.43910409,-34.59213355,2,1
522,2020-0002,1,2020-01-05,20,VARELA AV.,7,-58.45019436,-34.64646409,1,4
523,2020-0003,1,2020-01-11,6,COMBATE DE LOS POZOS,3,-58.39337644,-34.60927582,2,1
524,2020-0004,1,2020-01-14,21,RIVADAVIA AV.,1,-58.39055614,-34.60919284,2,2
525,2020-0005,1,2020-01-14,6,SAN JUAN AV.,3,-58.41036975,-34.62477021,1,2
526,2020-0006,1,2020-01-20,12,LAFUENTE AV. 2250,8,-58.44925765,-34.65412546,1,3
527,2020-0007,1,2020-01-27,0,LIMA,1,-58.3815685,-34.61648696,2,5
528,2020-0008,1,2020-01-30,7,"JAURES, JEAN",2,-58.40662899,-34.59804521,1,3
529,2020-0009,1,2020-02-04,14,"SALGUERO, JERONIMO",5,-58.41985649,-34.6060085,2,1
530,2020-0010,1,2020-02-08,5,SAN JUAN AV.,1,-58.38099833,-34.62214953,1,4
531,2020-0011,1,2020-02-12,11,COLOMBRES 466,5,-58.41803309,-34.61823178,1,3
532,2020-0012,1,2020-02-18,21,MEXICO 2860,3,-58.40604003,-34.61783553,2,5
533,2020-0013,1,2020-02-20,12,TRIUNVIRATO AV.,15,-58.47549929,-34.57994061,2,5
534,2020-0014,1,2020-02-27,2,NOGOYA,11,-58.51398484,-34.61600366,1,2
535,2020-0015,1,2020-02-28,14,PASEO COLON AV.,1,-58.36797542,-34.62519403,1,2
536,2020-0016,1,2020-02-29,13,"ALEM, LEANDRO N. AV. 770",1,-58.37133616,-34.59879316,2,2
537,2020-0017,1,2020-03-05,23,RINCON,3,-58.39613805,-34.61413568,2,1
538,2020-0018,1,2020-03-09,14,"UDAONDO, GUILLERMO AV. 901",13,-58.44903073,-34.54200276,1,4
539,2020-0019,1,2020-03-10,21,CASTRO,5,-58.41972364,-34.6284667,2,1
540,2020-0020,1,2020-03-13,17,"GOMEZ, VALENTIN",3,-58.40571596,-34.60557123,2,5
541,2020-0021,1,2020-03-14,16,"BRAVO, MARIO 1279",2,-58.4145159,-34.59488319,2,1
542,2020-0022,1,2020-04-07,6,ESCALADA AV.,9,-58.47297505,-34.66245085,3,3
543,2020-0023,1,2020-04-09,18,"BROWN, ALTE. AV.",4,-58.35791192,-34.63695178,3,3
544,2020-0024,1,2020-04-24,7,MURGUIONDO 1339,9,-58.50801713,-34.65177305,3,1
545,2020-0025,1,2020-05-12,5,RIVADAVIA AV. 2551,3,-58.40258477,-34.60975108,2,1
546,2020-0026,1,2020-05-17,6,No identificado,14,0.0,0.0,1,4
547,2020-0027,1,2020-05-18,8,MONTIEL,8,-58.48267426,-34.68454456,2,3
548,2020-0028,1,2020-05-19,10,WARNES AV.,15,-58.44248936,-34.60221948,2,2
549,2020-0029,1,2020-06-10,14,"ROFFO, ANGEL H., DR.",9,-58.52909134,-34.63886726,2,2
550,2020-0030,1,2020-06-16,15,SAN MARTIN AV. 1550,6,-58.45158942,-34.6064658,1,6
551,2020-0031,1,2020-06-30,8,LARRAYA,9,-58.49344309,-34.65788529,1,3
552,2020-0032,1,2020-07-10,23,SERRANO,15,-58.44259166,-34.59635137,1,1
553,2020-0033,1,2020-07-19,6,DEL LIBERTADOR AV.,13,-58.46743471,-34.53476874,3,4
554,2020-0034,1,2020-08-02,3,"ANCHORENA, TOMAS MANUEL DE, DR.",3,-58.41178158,-34.60922259,2,1
555,2020-0035,1,2020-08-04,5,PUMACAHUA,7,-58.45068621,-34.63638927,1,2
556,2020-0036,1,2020-08-07,18,PARAGUAY,14,-58.42016954,-34.5877879,2,5
557,2020-0037,1,2020-08-29,4,VARELA AV.,8,-58.43850413,-34.65554754,2,1
558,2020-0038,2,2020-08-30,4,"DIAZ, CNEL. AV.",14,-58.40617526,-34.58345898,3,1
559,2020-0039,1,2020-09-01,19,MURGUIONDO,9,0.0,0.0,2,3
560,2020-0040,1,2020-09-12,3,CALLE 12 (NO OFICIAL),2,-58.38526125,-34.5780581,3,4
561,2020-0041,1,2020-09-28,1,"PERON, EVA AV.",7,-58.4475047,-34.63491705,1,2
562,2020-0042,1,2020-09-29,17,SOLDADO DE LA FRONTERA AV.,8,-58.46745752,-34.68192648,2,2
563,2020-0043,1,2020-09-30,17,PARAGUAY,1,-58.37202621,-34.59717942,2,2
564,2020-0044,1,2020-10-05,0,LA PLATA AV. e INDEPENDENCIA AV.,6,-58.42779702,-34.62207347,3,1
565,2020-0045,1,2020-10-19,3,27 DE FEBRERO AV.,8,-58.46244952,-34.70524971,3,3
566,2020-0046,1,2020-10-27,21,"CARRANZA, ADOLFO P.",11,-58.4844016,-34.60776782,1,5
567,2020-0047,1,2020-10-27,14,LACARRA AV.,9,-58.46668375,-34.65174801,2,3
568,2020-0048,1,2020-10-29,20,DORREGO AV. 614,15,-58.4495878,-34.59322448,1,4
569,2020-0049,1,2020-10-30,20,"RAMOS MEJIA, JOSE MARIA, DR. AV.",1,-58.37533517,-34.59276462,2,1
570,2020-0050,1,2020-11-01,22,GODOY CRUZ,14,-58.42525456,-34.57866344,2,5
571,2020-0051,1,2020-11-05,0,MERCEDES,10,-58.48493828,-34.62981124,1,1
572,2020-0052,1,2020-11-07,6,PUEYRREDON AV.,3,-58.40480504,-34.60183884,4,3
573,2020-0053,1,2020-11-09,3,"EINSTEIN, ALBERTO",4,-58.41125934,-34.6541774,3,1
574,2020-0054,1,2020-11-19,9,ALBERTI,4,-58.39956546,-34.6297708,4,1
575,2020-0055,1,2020-11-19,12,OLAZABAL AV. 5437,12,-58.49005682,-34.5786897,2,3
576,2020-0056,1,2020-11-21,13,"ROCA, CNEL. AV.",8,-58.47064556,-34.69843756,1,3
577,2020-0057,1,2020-11-23,7,"VIALE, LUIS",11,-58.4750156,-34.61945902,2,1
578,2020-0058,1,2020-11-24,16,"FALCON, RAMON L.,CNEL.",10,-58.48727942,-34.63652467,2,1
579,2020-0059,1,2020-12-01,6,BRASIL 1100,1,-58.3795169,-34.62794241,2,2
580,2020-0060,1,2020-12-03,20,"PERON, EVA AV.",9,-58.47750832,-34.65672199,2,5
581,2020-0061,1,2020-12-03,14,"UDAONDO, GUILLERMO AV.",13,-58.44927253,-34.54048625,1,3
582,2020-0062,1,2020-12-04,17,MORENO 1845,3,-58.39246272,-34.61253541,4,2
583,2020-0063,2,2020-12-05,7,ALTA GRACIA,11,-58.52783814,-34.61047001,9,5
584,2020-0065,1,2020-12-05,16,"GOYENECHE, ROBERTO PARQUE AV.",12,-58.49332664,-34.54836855,1,1
585,2020-0066,1,2020-12-07,4,AUTOPISTA PERITO MORENO (ALTURA ESTACION DE TREN VILLA LURO),10,-58.50178784,-34.63593897,1,4
586,2020-0067,1,2020-12-11,22,BEAZLEY,4,-58.41657793,-34.65476216,2,2
587,2020-0068,1,2020-12-12,20,AUSTRIA,2,-58.39731474,-34.58307887,1,1
588,2020-0069,1,2020-12-15,5,"SAENZ PEÃ‘A, LUIS, PRES.",1,-58.38746381,-34.61790839,1,2
589,2020-0070,1,2020-12-17,15,"LAS HERAS, GENERAL",2,-58.39189441,-34.59176378,2,2
590,2020-0071,1,2020-12-17,23,DIRECTORIO AV.,7,-58.46749188,-34.63551751,2,1
591,2020-0072,1,2020-12-19,3,"CALVO, CARLOS",3,-58.40280471,-34.62113271,4,1
592,2020-0073,1,2020-12-20,7,ESCALADA AV.,8,-58.44451316,-34.68475866,1,4
593,2020-0074,1,2020-12-20,21,NAZCA AV.,7,-58.47110424,-34.62742408,3,1
594,2020-0075,1,2020-12-23,14,9 DE JULIO AV.,1,-58.38220928,-34.60373898,2,2
595,2020-0076,1,2020-12-24,12,CHIVILCOY,10,-58.49794468,-34.61565025,3,2
596,2020-0077,2,2020-12-25,6,PUNTA ARENAS,15,-58.47220945,-34.60111373,1,1
597,2020-0078,1,2020-12-25,5,BARCO CENTENERA DEL 1118,7,-58.43706741,-34.63217813,4,2
598,2020-0079,1,2020-12-27,4,"GOYENECHE, ROBERTO PARQUE AV.",12,-58.49332664,-34.54836855,1,4
599,2021-0001,1,2021-01-06,18,AU FRONDIZI KM. 3,1,-58.37960727,-34.62622851,1,1
600,2021-0002,1,2021-01-07,10,MURGUIONDO,9,-58.51061062,-34.64972472,1,3
601,2021-0003,1,2021-01-10,7,AUTOPISTA 25 DE MAYO KM. 3.7,7,-58.43052224,-34.62941648,1,4
602,2021-0004,1,2021-01-11,9,GUARANI,5,-58.41455544,-34.63866836,2,3
603,2021-0005,1,2021-01-11,21,"PERON, EVA AV. 3800",9,-58.46774439,-34.64730145,2,1
604,2021-0006,1,2021-01-12,21,SARMIENTO AV.,14,-58.40786274,-34.56726817,1,3
605,2021-0007,1,2021-01-18,10,GIRIBONE,15,-58.48744301,-34.58622275,1,5
606,2021-0008,1,2021-01-22,23,"RABANAL, FRANCISCO, INTENDENTE AV.",4,-58.41657793,-34.65476216,2,2
607,2021-0009,1,2021-01-23,5,GAONA AV.,6,-58.45351111,-34.61134937,1,4
608,2021-0010,1,2021-01-23,8,"BALBIN, RICARDO, DR. AV.",12,-58.5007381,-34.5497951,1,1
609,2021-0011,1,2021-01-27,1,SANTA FE AV. 1675,2,-58.39144148,-34.59564871,2,1
610,2021-0012,1,2021-01-29,20,GUAMINI,8,-58.48191128,-34.68385968,2,1
611,2021-0013,1,2021-01-31,6,OLIVERA AV.,10,-58.48727942,-34.63652467,1,4
612,2021-0014,1,2021-02-02,0,NOGOYA,15,-58.48328708,-34.59779521,2,1
613,2021-0015,1,2021-02-06,3,TINOGASTA,15,-58.49018543,-34.5972499,1,4
614,2021-0016,1,2021-02-14,5,"DE LA TORRE, LISANDRO",8,-58.47230127,-34.68482689,3,4
615,2021-0017,1,2021-02-17,4,CASEROS AV.,1,-58.38262614,-34.63168269,1,2
616,2021-0018,1,2021-02-20,19,"PERON, JUAN DOMINGO, TTE. GENERAL",3,-58.41047268,-34.60793518,2,1
617,2021-0019,1,2021-02-21,1,"LARRALDE, CRISOLOGO AV.",12,-58.49659234,-34.56353635,1,4
618,2021-0020,1,2021-02-21,15,GASCON,5,-58.42462955,-34.60727189,2,3
619,2021-0021,1,2021-02-26,5,24 DE NOVIEMBRE,3,-58.41168345,-34.61185625,1,4
620,2021-0022,1,2021-02-28,12,ROOSEVELT FRANKLIN D.,13,-58.45157681,-34.55217303,6,0
621,2021-0023,1,2021-03-01,9,No identificado,4,0.0,0.0,1,3
622,2021-0024,1,2021-03-03,16,PIEDRA BUENA AV.,9,-58.49573651,-34.67006054,4,3
623,2021-0025,1,2021-03-11,3,AUTOPISTA DELLEPIANE LUIS TTE. GRAL.,8,-58.48695354,-34.68795245,1,8
624,2021-0026,1,2021-03-15,2,"QUINQUELA MARTIN, BENITO",4,-58.37562539,-34.64449357,1,4
625,2021-0027,1,2021-03-16,15,DONADO,12,-58.49491054,-34.54795581,1,3
626,2021-0028,1,2021-03-29,17,"TORRES Y TENORIO, PRES.",7,-58.44147621,-34.64357704,2,2
627,2021-0029,1,2021-03-31,18,SAN PEDRITO AV.,7,-58.46899119,-34.63215432,3,1
628,2021-0030,1,2021-04-03,18,FINOCHIETTO ENRIQUE DR. 1623,4,-58.38685612,-34.63455776,2,2
629,2021-0031,1,2021-04-07,10,9 DE JULIO AV. e INDEPENDENCIA AV.,1,-58.38113667,-34.61765323,2,3
630,2021-0032,1,2021-04-10,19,"GUIRALDES, INT.",13,-58.44112678,-34.54538956,2,5
631,2021-0033,1,2021-04-14,17,BOEDO AV.,5,-58.41595919,-34.62743346,3,4
632,2021-0034,1,2021-04-19,14,ZAVALETA,4,-58.40184094,-34.64546845,1,3
633,2021-0035,1,2021-05-03,9,LAFUENTE AV.,8,-58.44642231,-34.65679806,1,3
634,2021-0036,1,2021-05-09,6,MOSCONI GENERAL AV.,11,-58.52340614,-34.59798754,1,4
635,2021-0037,1,2021-05-11,7,"BALBIN, RICARDO, DR. AV.",13,-58.46649069,-34.56219075,2,2
636,2021-0038,1,2021-05-14,11,SANTA FE AV.,14,-58.42653328,-34.57816791,1,3
637,2021-0039,1,2021-05-15,12,"ALBERDI, JUAN BAUTISTA AV.",9,-58.50407099,-34.65303372,4,1
638,2021-0040,1,2021-05-20,5,DEL LIBERTADOR AV.,13,-58.46743471,-34.53476874,1,1
639,2021-0041,1,2021-05-20,8,CASARES AV.,14,-58.40986646,-34.5772806,2,2
640,2021-0042,1,2021-05-21,5,RIVADAVIA AV. 10900,9,-58.51739138,-34.63931792,2,2
641,2021-0043,1,2021-05-22,18,PILAR,9,-58.50719962,-34.65556223,2,1
642,2021-0044,1,2021-05-25,2,"ACOSTA, MARIANO",9,-58.46712311,-34.64600222,1,4
643,2021-0045,1,2021-05-26,17,SUAREZ AV.,4,-58.37709334,-34.64035082,1,6
644,2021-0046,1,2021-05-31,2,GUZMAN AV.,15,-58.46033141,-34.58569883,3,4
645,2021-0047,1,2021-06-02,16,"RABANAL, FRANCISCO, INTENDENTE AV.",4,-58.42190745,-34.65633192,1,1
646,2021-0048,1,2021-06-03,9,CONGRESO AV.,12,-58.49026573,-34.5698141,4,1
647,2021-0049,1,2021-06-03,20,"FERNANDEZ DE LA CRUZ, F., GRAL. AV. 4000",8,-58.45410344,-34.66902702,3,1
648,2021-0050,1,2021-06-10,13,DEL LIBERTADOR AV. 5958,13,-58.44751621,-34.55719892,1,2
649,2021-0051,1,2021-06-15,19,EREZCANO AV.,4,-58.42040352,-34.66005171,2,3
650,2021-0052,1,2021-06-20,5,"PAZ, GRAL. AV. 14723",8,-58.49530249,-34.68010798,1,4
651,2021-0053,1,2021-06-20,12,CORRIENTES AV. 5783,15,-58.44399875,-34.5947736,2,7
652,2021-0054,1,2021-06-22,14,EREZCANO,4,-58.42759813,-34.65463857,1,3
653,2021-0055,1,2021-06-29,12,PUEYRREDON AV.,3,-58.40547222,-34.60456293,1,3
654,2021-0056,1,2021-07-09,23,"MORENO, PERITO AV.",4,-58.42473018,-34.6500828,4,1
655,2021-0057,1,2021-07-10,23,AUTOPISTA  ARTURO ILLIA (CABINA DE PEAJE),2,-58.39257023,-34.57563957,3,4
656,2021-0058,1,2021-07-21,0,VEDIA,12,-58.48941042,-34.54596153,2,1
657,2021-0059,1,2021-07-22,1,"GARAY, JUAN DE AV. 2269",3,-58.3964074,-34.62783085,3,4
658,2021-0060,1,2021-07-22,12,RIVADAVIA AV.,5,-58.41971993,-34.6111224,2,2
659,2021-0061,1,2021-07-24,9,"ALCORTA, AMANCIO AV.",4,-58.40544588,-34.65012801,2,3
660,2021-0062,1,2021-07-27,7,LA PLATA AV. 2723,4,-58.42003882,-34.64645957,3,3
661,2021-0063,1,2021-08-02,4,"ALBERDI, JUAN BAUTISTA AV. 2906",7,-58.46851293,-34.63348678,3,1
662,2021-0064,1,2021-08-02,20,TONELERO,9,-58.52931141,-34.65422917,2,3
663,2021-0065,1,2021-08-06,8,LA PLATA AV.,6,-58.42675754,-34.6269973,2,2
664,2021-0066,1,2021-08-06,20,"PAZ, GRAL. AV.",11,-58.52933723,-34.61098186,2,2
665,2021-0067,1,2021-08-08,9,BRASIL,1,-58.37910943,-34.62764718,1,4
666,2021-0068,1,2021-08-15,6,"BEIRO, FRANCISCO AV. 5071",11,-58.52161176,-34.61164474,1,4
667,2021-0069,1,2021-08-20,17,SANTA FE AV. 3428,14,-58.41354692,-34.5869768,2,1
668,2021-0070,1,2021-08-28,8,VARELA AV.,8,-58.43960781,-34.65470804,1,3
669,2021-0071,1,2021-08-31,16,SAN LUIS 2730,3,-58.4045461,-34.60003693,2,5
670,2021-0072,1,2021-09-01,19,PARAGUAY,2,-58.39303911,-34.59871111,2,1
671,2021-0073,1,2021-09-18,12,"AGOTE, LUIS DR.",2,-58.39391034,-34.58405348,4,1
672,2021-0074,1,2021-09-20,15,"BALBIN, RICARDO, DR. AV.",12,-58.5007381,-34.5497951,1,6
673,2021-0075,1,2021-09-21,14,BRASIL,1,-58.38281301,-34.62786038,2,3
674,2021-0076,1,2021-10-16,6,"MORENO, PERITO AV. 2152",7,-58.43980799,-34.65094083,1,4
675,2021-0077,1,2021-10-18,7,DIRECTORIO AV. 1169,6,-58.44402387,-34.62933109,1,3
676,2021-0078,1,2021-10-23,6,LA PLATA AV.,6,-58.42779702,-34.62207347,1,2
677,2021-0079,1,2021-10-25,3,TUCUMAN 3112,3,-58.40944147,-34.60097942,2,1
678,2021-0080,1,2021-10-28,16,9 DE JULIO AV.,1,-58.38277479,-34.5943016,1,1
679,2021-0081,1,2021-11-02,13,BRANDSEN,4,-58.37627355,-34.63800916,1,3
680,2021-0082,1,2021-11-06,4,PASCO,3,-58.39591856,-34.62453459,1,1
681,2021-0083,1,2021-11-09,0,OLAZABAL,13,-58.45829717,-34.56015762,1,1
682,2021-0084,1,2021-11-11,3,BRUIX AV.,9,-58.49142611,-34.64584795,3,4
683,2021-0085,1,2021-11-20,18,EZEIZA,12,-58.51271409,-34.57786555,1,4
684,2021-0086,1,2021-11-25,10,PUAN,6,-58.44864864,-34.62352826,2,2
685,2021-0087,1,2021-11-27,11,ESMERALDA 1359,1,-58.37795815,-34.59167894,2,7
686,2021-0088,1,2021-12-01,15,3 DE FEBRERO,13,-58.45531707,-34.55555257,1,1
687,2021-0089,1,2021-12-02,1,GAONA AV. 3655,11,-58.47633683,-34.62140594,1,1
688,2021-0090,1,2021-12-10,11,LAVALLE,1,-58.38188582,-34.60256036,2,2
689,2021-0091,1,2021-12-11,23,"HUGO, VICTOR",10,-58.51989389,-34.62284918,1,1
690,2021-0092,1,2021-12-12,6,PUEYRREDON AV.,3,-58.4059686,-34.61011987,2,1
691,2021-0093,1,2021-12-13,17,MOM,7,-58.43353773,-34.64561636,1,1
692,2021-0094,1,2021-12-20,1,LACARRA AV.,9,-58.46739825,-34.65117757,1,1
693,2021-0095,1,2021-12-30,0,TERRADA,11,-58.47293407,-34.61984745,1,3
694,2021-0096,1,2021-12-15,10,"PERON, EVA AV. 4071",9,-58.47066794,-34.65021673,3,3
695,2021-0097,1,2021-11-18,6,PADRE CARLOS MUGICA 709,1,-58.37976155,-34.58679619,4,1
